code,name,lat,lon,msoa_count
Aberta dos Morros,Aberta dos Morros,-30.158825549999953,-51.204112791765226,12
Agronomia,Agronomia,-30.072776399999945,-51.127948252896424,8
Anchieta,Anchieta,-29.98165094999996,-51.16767235325804,6
Arquipélago,Arquipélago,-29.99650254999994,-51.24464997731141,28
Auxiliadora,Auxiliadora,-30.021370599999955,-51.19217949110167,21
Azenha,Azenha,-30.051890849999975,-51.21353828215024,33
Bela Vista,Bela Vista,-30.03288964999995,-51.19014410256368,22
Belém Novo,Belém Novo,-30.211305599999942,-51.1785765774119,20
Belém Velho,Belém Velho,-30.11510024999995,-51.15460521603104,17
Boa Vista,Boa Vista,-30.0241844000333,-51.17337201090048,20
Boa Vista do Sul,Boa Vista do Sul,-30.234161149999945,-51.14300945546424,6
Bom Fim,Bom Fim,-30.032076599999982,-51.218832297484525,26
Bom Jesus,Bom Jesus,-30.04590319999994,-51.15554899803615,45
Camaquã,Camaquã,-30.107149249999956,-51.24136376443538,33
Campo Novo,Campo Novo,-30.138216339760632,-51.197664164578384,15
Cascata,Cascata,-30.09059851158438,-51.16774923111592,24
Cavalhada,Cavalhada,-30.112257849999963,-51.22893694535007,52
Centro Histórico,Centro Histórico,-30.029808149999944,-51.234688378506775,95
Chapéu do Sol,Chapéu do Sol,-30.175361249999945,-51.16121132152092,10
Chácara das Pedras,Chácara das Pedras,-30.034477899999924,-51.163514118784605,10
Cidade Baixa,Cidade Baixa,-30.03948549999996,-51.22420427516991,39
Coronel Aparício Borges,Coronel Aparício Borges,-30.076192125394606,-51.17636708885186,32
Costa e Silva,Costa e Silva,-30.008056244606912,-51.12411007715084,25
Cristal,Cristal,-30.087086599999935,-51.243674681614635,60
Cristo Redentor,Cristo Redentor,-30.011264799999964,-51.1550483055465,33
Espírito Santo,Espírito Santo,-30.148685899999975,-51.21118804037962,10
Extrema,Extrema,-30.208253549999927,-51.05685200871904,14
Farrapos,Farrapos,-29.980291600663968,-51.20019045426773,33
Farroupilha,Farroupilha,-30.036541499999963,-51.214681658892815,2
Floresta,Floresta,-30.01879164999994,-51.21378740967394,23
Glória,Glória,-30.081605523250076,-51.18968268906956,33
Guarujá,Guarujá,-30.157635049999946,-51.217517324919385,11
Higienópolis,Higienópolis,-30.016164749999938,-51.187603331367356,18
Humaitá,Humaitá,-29.98287444999996,-51.18963942475347,26
Hípica,Hípica,-30.154180206731823,-51.18144989789424,41
Independência,Independência,-30.027488899999952,-51.21317566706348,22
Ipanema,Ipanema,-30.135622049999935,-51.213020017528834,24
Jardim Botânico,Jardim Botânico,-30.052518749999955,-51.176054114686565,25
Jardim Carvalho,Jardim Carvalho,-30.05485734999996,-51.153355947596026,46
Jardim Europa,Jardim Europa,-30.02547664999993,-51.158726840998135,7
Jardim Floresta,Jardim Floresta,-30.000559049999964,-51.15906864600308,5
Jardim Isabel,Jardim Isabel,-30.126981411236308,-51.236788840928924,4
Jardim Itu,Jardim Itu,-30.020252586363323,-51.13389595624064,32
Jardim Leopoldina,Jardim Leopoldina,-30.020807885225786,-51.11475680971576,36
Jardim Lindóia,Jardim Lindóia,-30.004306599999943,-51.15169351667913,15
Jardim Sabará,Jardim Sabará,-30.03581726631593,-51.142020659469495,24
Jardim São Pedro,Jardim São Pedro,-30.00415874999996,-51.16497441774346,7
Jardim do Salso,Jardim do Salso,-30.050990749999947,-51.16846523935431,13
Lageado,Lageado,-30.187665409219818,-51.12636261806891,9
Lami,Lami,-30.234330463911114,-51.070522065564646,13
Lomba do Pinheiro,Lomba do Pinheiro,-30.12720024999993,-51.118585013642615,86
Medianeira,Medianeira,-30.066490399999964,-51.20922512569048,18
Menino-Deus,Menino-Deus,-30.05506424999995,-51.22364163199366,67
Moinhos de Vento,Moinhos de Vento,-30.02347354999994,-51.20133021476425,26
Mont’Serrat,Mont’Serrat,-30.02792179999994,-51.18831484911582,20
Morro Santana,Morro Santana,-30.042690391411504,-51.11746551120858,39
Mário Quintana,Mário Quintana,-30.03543034999995,-51.097253912773596,78
Navegantes,Navegantes,-29.997639099999947,-51.198930508108184,14
Nonoai,Nonoai,-30.090707549999927,-51.22314692507071,49
Parque Santa Fé,Parque Santa Fé,-30.009032803480576,-51.10538754327782,12
Partenon,Partenon,-30.06240614999995,-51.182479738206766,98
Passo da Areia,Passo da Areia,-30.0147138160762,-51.17566256452543,44
Passo das Pedras,Passo das Pedras,-30.021835699999933,-51.12413415576083,26
Pedra Redonda,Pedra Redonda,-30.126860149999935,-51.2433473049382,2
Petrópolis,Petrópolis,-30.04020394023977,-51.18413723164886,75
Pitinga,Pitinga,-30.155174399999936,-51.10530144961899,12
Ponta Grossa,Ponta Grossa,-30.182302999999955,-51.211253053936105,13
Praia de Belas,Praia de Belas,-30.05409084999997,-51.231209837889125,7
Restinga,Restinga,-30.14684344999995,-51.136227021764554,92
Rio Branco,Rio Branco,-30.034427699999938,-51.20180233515816,39
Rubem Berta,Rubem Berta,-30.013972199999948,-51.09633301993753,57
Santa Cecília,Santa Cecília,-30.041768449999985,-51.204363022169986,11
Santa Maria Goretti,Santa Maria Goretti,-30.005292449999956,-51.17524178556543,8
Santa Rosa de Lima,Santa Rosa de Lima,-29.991602109588346,-51.09354921463033,59
Santa Tereza,Santa Tereza,-30.073783899999963,-51.23271002216033,64
Santana,Santana,-30.045002399999955,-51.20450082668877,45
Santo Antônio,Santo Antônio,-30.058231599999957,-51.19859737430654,32
Sarandi,Sarandi,-29.98294009999995,-51.14651011314149,117
Serraria,Serraria,-30.16783809999995,-51.21770746083228,10
São Caetano,São Caetano,-30.194447176062795,-51.08354501016487,3
São Geraldo,São Geraldo,-30.00941716903408,-51.20649849459592,21
São João,São João,-30.005467599999974,-51.18646434957168,25
São Sebastião,São Sebastião,-30.004166249999937,-51.14248579468051,16
Sétimo Céu,Sétimo Céu,-30.119263421477246,-51.24127230634406,4
Teresópolis,Teresópolis,-30.086602049999954,-51.20383226168294,28
Tristeza,Tristeza,-30.11060639999996,-51.25315568343531,30
Três Figueiras,Três Figueiras,-30.03434009999995,-51.172417133893596,9
Vila Assunção,Vila Assunção,-30.100792749999954,-51.257775058854,8
Vila Conceição,Vila Conceição,-30.120101799999958,-51.257723508375335,3
Vila Ipiranga,Vila Ipiranga,-30.01865079414483,-51.155657027160515,44
Vila Jardim,Vila Jardim,-30.034395849999946,-51.15378877915049,28
Vila João Pessoa,Vila João Pessoa,-30.069622003195114,-51.175696791589786,22
Vila Nova,Vila Nova,-30.117459049999972,-51.194774946838,59
Vila São José,Vila São José,-30.07709224997338,-51.16487274761632,39
